filepath,cancer
/home/vantuan5644/PycharmProjects/LungCancerDetector/lung/app/base/static/uploaded_ct_scan/a612d3ec72b85e74293da4154201b683/1.3.6.1.4.1.14519.5.2.1.6279.6001.231645134739451754302647733304.mhd,0.1430651
