filepath,cancer
/home/vantuan5644/PycharmProjects/LungCancerDetector/lung/app/base/static/uploaded_ct_scan/696bf3288786678886e939c1c0847dc2/1.3.6.1.4.1.14519.5.2.1.6279.6001.313605260055394498989743099991.mhd,0.91177064
