filepath,cancer
/home/vantuan5644/PycharmProjects/LungCancerDetector/lung/app/base/static/uploaded_ct_scan/205a949f2192cc5383196d9e505c49ab/1.3.6.1.4.1.14519.5.2.1.6279.6001.898642529028521482602829374444.mhd,0.8718213
