filepath,cancer
/home/vantuan5644/PycharmProjects/LungCancerDetector/lung/app/base/static/uploaded_ct_scan/19b228976533973e6b7d8d42363f5660/1.3.6.1.4.1.14519.5.2.1.6279.6001.144943344795414353192059796098.mhd,0.13842225
